"","ID","Description","GeneRatio","BgRatio","pvalue","p.adjust","qvalue","geneID","Count"
"GO:0003712","GO:0003712","transcription coregulator activity","234/5533","477/16583",4.99128823612592e-13,5.91966784804534e-10,5.02806614944475e-10,"AASS/ABL1/ABT1/ACTL6A/ACTN2/ACTN4/AEBP2/AKIRIN1/AKIRIN2/APEX1/ARID1B/ARID3A/ARL2BP/ATF7IP/ATN1/ATXN7L3/BASP1/BCL3/BCL9/BCOR/BRCA1/BRD4/BRD7/BTAF1/BTG1/BTG2/C1QBP/CALCOCO1/CAMTA2/CARM1/CBFB/CCAR1/CCDC124/CCND1/CDYL2/CIR1/CITED2/CNOT7/COPS5/CREG1/CTBP1/CTNNB1/DAXX/DCAF6/DDX1/DDX54/DHX9/DMAP1/DNAJB1/DPF1/DPF2/DRAP1/DYRK1B/EDF1/EID2/EID2B/ELK1/ENO1/ENY2/EWSR1/EZH1/FBXL19/FGF2/FIZ1/FUS/HCFC1/HCFC2/HDAC1/HDGF/HIRA/HMGA1/HMGB1/HMGB2/HNRNPU/HSBP1/HSBP1L1/HSPA1A/HYAL2/ING4/IRF2BP2/IRF2BPL/JAZF1/JMJD1C/KAT2A/KAT5/KDM2A/KDM2B/KDM3A/KDM3B/LCOR/LIMD1/LMO2/LMO4/LPIN1/LPIN3/LPXN/MAGED1/MAML2/MECP2/MED1/MED12/MED16/MED17/MED19/MED20/MED22/MED24/MED29/MED30/MID2/MIER1/MTA2/MTDH/MYBBP1A/MYSM1/N4BP2L2/NCOA1/NCOA2/NCOA5/NCOA6/NME2/NOC2L/NSD1/NUP98/NUPR1/PA2G4/PARK7/PBXIP1/PER2/PFDN5/PHB1/PHF12/PHF2/PIAS3/PIAS4/PKN1/PMF1/PPARGC1A/PPARGC1B/PPP1R13L/PPRC1/PQBP1/PRMT2/PRMT5/PRPF6/PSMD9/PXN/RALY/RAP2C/RBBP8/RBFOX2/RBM14/RBPMS/RCOR2/RERE/RLIM/RNF14/RNF20/RNF4/RRP1B/RUVBL1/RUVBL2/RYBP/SAP30/SAP30L/SCAI/SERTAD2/SETD3/SF1/SFMBT1/SFMBT2/SIN3A/SIN3B/SIRT6/SIRT7/SMARCA4/SMARCB1/SMARCC1/SMARCD1/SMARCE1/SRCAP/SS18/SUFU/SUPT3H/TADA2A/TADA2B/TADA3/TAF5L/TAF6L/TAF9B/TBL1XR1/TCF20/TDG/TFAP2A/TLE1/TLE2/TLE3/TLE6/TMF1/TOB1/TOX2/TOX3/TP53BP1/TRIB3/TRIM13/TRIM14/TRIM25/TRIM28/TRIM5/TRIM52/TRIM8/TRIP13/TRRAP/UBE2L3/URI1/USP22/UXT/WBP2/WDR77/WTIP/XPC/YAF2/YAP1/YY1AP1/ZFPM1/ZIC3/ZMIZ1/ZMIZ2/ZMYND11/ZMYND8/ZNF451/ZXDA/ZXDB/ZXDC",234
"GO:0051020","GO:0051020","GTPase binding","149/5533","289/16583",1.00032285581776e-10,5.93191453499931e-08,5.03846827903998e-08,"ABCA1/ADCYAP1R1/ALS2CL/ANKFY1/ANKRD27/AP1G1/AP3M1/ARFIP2/ARHGEF2/ATG14/ATG16L1/ATP6AP1/BICD1/BIRC5/BRK1/C9orf72/CAV1/CDC42BPB/CDC42EP2/CDKL5/CHM/CLTA/CORO1C/CSE1L/CYFIP2/DAAM2/DIAPH1/DIAPH2/DMXL2/DOCK11/DOCK4/DVL1/DVL2/DVL3/EHD1/ENO1/EPS8/EVI5/EXOC4/EXOC5/EXOC8/EXPH5/CYRIA/CYRIB/FMNL2/FMNL3/GAPVD1/GAS8/GCC2/GDI1/GDI2/GGA2/GIT1/GNB1/GOLGA5/HACE1/HPS6/HSP90AA1/IPO11/IPO13/IPO4/IPO5/IPO7/IPO8/IPO9/IQGAP1/IQGAP2/KIF3A/KIF3B/KNTC1/KPNB1/LAMTOR1/LCP1/LSM2/LZTR1/MAP3K11/MAPKAP1/MICAL1/MICALL1/MYO1C/MYO5A/NDRG1/NPC1L1/NUTF2/NXT1/OCRL/OPTN/PAK2/PARD6A/PEX5/PFN1/PKN1/PKN3/PLCE1/POU4F1/PPP6R1/PRKCH/RAB11FIP3/RAB3GAP1/RAB7A/RAB8A/RABGAP1/RABGAP1L/RABGGTB/RALBP1/RANBP1/RANGAP1/RANGRF/RAPGEF4/RASA1/RASIP1/RCC1/RCC2/RGP1/RHOBTB3/RIMS1/RIMS2/RIMS3/RIMS4/RIN3/RINL/RNF152/RNF41/ROCK1/RPH3AL/RRAGC/RRAGD/SGSM3/SOD1/SORL1/SPHK2/SYTL4/SYTL5/TBC1D13/TMEM127/TNPO1/TNPO2/TNPO3/TSC2/ULK1/UNC13B/USP33/USP6NL/XPO1/XPO5/XPO6/XPO7/YBX1/YIPF1",149
"GO:0031267","GO:0031267","small GTPase binding","135/5533","258/16583",2.06420356082794e-10,8.16048474380645e-08,6.93137827267487e-08,"ABCA1/ADCYAP1R1/ALS2CL/ANKFY1/ANKRD27/AP1G1/AP3M1/ARFIP2/ARHGEF2/ATP6AP1/BICD1/BIRC5/BRK1/C9orf72/CAV1/CDC42BPB/CDC42EP2/CDKL5/CHM/CORO1C/CSE1L/CYFIP2/DAAM2/DIAPH1/DIAPH2/DMXL2/DOCK11/DOCK4/DVL1/DVL2/DVL3/EHD1/EPS8/EVI5/EXOC4/EXOC5/EXOC8/EXPH5/CYRIA/CYRIB/FMNL2/FMNL3/GAPVD1/GAS8/GCC2/GDI1/GDI2/GGA2/GIT1/GOLGA5/HACE1/HPS6/IPO11/IPO13/IPO4/IPO5/IPO7/IPO8/IPO9/IQGAP1/IQGAP2/KIF3A/KIF3B/KNTC1/KPNB1/LSM2/LZTR1/MAP3K11/MAPKAP1/MICAL1/MICALL1/MYO1C/MYO5A/NDRG1/NPC1L1/NUTF2/NXT1/OCRL/OPTN/PAK2/PARD6A/PEX5/PFN1/PKN1/PKN3/PLCE1/PPP6R1/PRKCH/RAB11FIP3/RAB3GAP1/RAB7A/RAB8A/RABGAP1/RABGAP1L/RABGGTB/RALBP1/RANBP1/RANGAP1/RANGRF/RAPGEF4/RCC1/RCC2/RGP1/RHOBTB3/RIMS1/RIMS2/RIMS3/RIMS4/RIN3/RINL/RNF152/RNF41/ROCK1/RPH3AL/SGSM3/SOD1/SORL1/SPHK2/SYTL4/SYTL5/TBC1D13/TMEM127/TNPO1/TNPO2/TNPO3/TSC2/ULK1/UNC13B/USP33/USP6NL/XPO1/XPO5/XPO6/XPO7/YIPF1",135
"GO:0031491","GO:0031491","nucleosome binding","46/5533","66/16583",1.6725703151071e-09,4.60498317769062e-07,3.91139513717043e-07,"ACTB/ACTL6A/ARID1B/CABIN1/CHD4/DNTTIP1/GATAD2B/GLYR1/H1-0/H1-10/MACROH2A1/H3-5/HDAC1/HIRA/H1-2/H1-3/H1-4/HMGN2/HMGN4/HMGN5/HP1BP3/MBD2/MBD3/MLLT10/MLLT6/MTA2/NAP1L4/NOC2L/PARP1/RBBP4/RCC1/RNF168/RNF169/RNF4/SAP30L/SIRT6/SMARCA1/SMARCA4/SMARCA5/SMARCB1/SMARCC1/SMARCE1/SSRP1/SUPT16H/SUPT6H/ZNHIT1",46
"GO:0045296","GO:0045296","cadherin binding","157/5533","318/16583",1.94139257069588e-09,4.60498317769062e-07,3.91139513717043e-07,"ADD1/AHNAK/AHSA1/ALDOA/ANXA1/ANXA2/ARFIP2/ARGLU1/ARHGAP18/ASAP1/ATIC/BAG3/BAIAP2/BSG/BZW1/BZW2/CAPG/CAPZA1/CAPZB/CC2D1A/CD46/CDH1/CDH23/CDH3/CDH4/CDK5R1/CGN/CHMP4B/CLINT1/CNN3/COBLL1/CSNK1D/CTNNAL1/CTNNB1/CTNND2/CTTN/DAB2IP/DBN1/DBNL/DCHS1/DDX6/DNAJB1/EEF1D/EGFR/EHD1/EIF2A/EIF4G2/EIF4H/EIF5/EMD/ENO1/EPHA2/EXOC3/F11R/FMNL2/FSCN1/FXYD5/GAPVD1/GLOD4/GOLGA3/H1-10/HCFC1/HDLBP/H3C4/H3C10/H3C12/HNRNPK/HSP90AB1/HSPA1A/HSPA5/HSPA8/IQGAP1/ITGA6/ITGB1/KLC2/KTN1/LARP1/LASP1/LRRC59/LYPLA2/MACF1/MAPRE1/MARK2/MB21D2/MICALL1/MPRIP/MYH9/NCK1/NDRG1/NOTCH3/NUDC/OLA1/PAICS/PAK2/PAK4/PARK7/PARVA/PDLIM5/PDXDC1/PFN1/PI4KA/PKP2/PKP4/PLEC/PLIN3/PPL/PPME1/PPP1CA/PPP1R13L/PRDX1/PRDX6/PSMB6/PTPN1/PTPN11/PTPRJ/PTPRM/PUF60/RAB10/RAB11B/RAN/RANBP1/RANGAP1/RARS1/RDX/RPL23A/RPL24/RPS26/RSL1D1/RUVBL1/S100A11/S100P/SCRIB/SCYL1/SFN/SH3GL1/SH3GLB2/SLC3A2/TMPO/TNKS1BP1/TRIM25/TRIM29/TWF1/TWF2/TXNDC9/UBAP2/UBFD1/UNC45A/USP8/VAPB/VASP/VCL/WASF2/YKT6/YWHAB/YWHAE/ZC3H15/ZC3HAV1",157
"GO:0031625","GO:0031625","ubiquitin protein ligase binding","144/5533","288/16583",3.0957144653798e-09,6.11919559323406e-07,5.19754165503239e-07,"ACTG1/ACVR1B/ANKRA2/ARIH1/ATF6/ATP6V0C/ATXN3/AXIN1/BAG1/BAG6/BID/BRCA1/CAMLG/CASC3/CBS/CCT2/CDKN1A/CKB/CLU/CRK/CUL1/CUL2/CUL4A/CUL4B/CUL5/DAXX/DBT/DERL1/DIO2/DLG3/EGFR/ERBB3/ERLIN2/FAF2/FBXO7/FBXW7/FHIT/FZD4/FZD5/GABARAPL1/GLMN/GPI/GPR37/HIF1A/HLTF/HM13/HSP90AA1/HSP90AB1/HSPA1A/HSPA1B/HSPA1L/HSPA5/HSPA6/HSPA7/HSPA8/HSPBP1/JUN/KCNH2/KDM4A/MC1R/MDM2/MFN2/MID1/NAE1/NDUFS2/NEDD8/NKD2/NPLOC4/OTUB1/PA2G4/PATZ1/PCBP2/PER1/PIAS4/POLR2A/PPARGC1A/PRDX6/PRKACA/PRKACB/PRKAR1A/PRKAR2A/PRKAR2B/PRR5L/PSMA3/PSMD1/RALB/RANGAP1/RELA/RIPK1/RNF20/RNF31/RNF40/RPA2/RPS27A/RRAGA/SCAMP3/SKI/SLC22A18/SMAD2/SMAD5/SMAD6/SMG5/SPOPL/SYT11/TMBIM6/STING1/TOLLIP/TPI1/TRAF2/TRAF3/TRAF4/TRAF5/TRAF6/TRIB2/TRIB3/TRIM28/TUBA1B/TUBB/TXNIP/UBA52/UBASH3B/UBC/UBE2A/UBE2D1/UBE2D4/UBE2G1/UBE2J2/UBE2L3/UBE2L6/UBE2N/UBE2T/UBXN7/UCHL1/USP13/USP19/USP2/USP25/USP7/VCL/VCP/XRCC5/YOD1/YWHAE/ZNF746",144
"GO:0044389","GO:0044389","ubiquitin-like protein ligase binding","150/5533","306/16583",8.15916628793378e-09,1.38239588821278e-06,1.1741837800831e-06,"ACTG1/ACVR1B/ANKRA2/ARIH1/ATF6/ATP6V0C/ATXN3/AXIN1/BAG1/BAG6/BID/BRCA1/CAMLG/CASC3/CBS/CCNB1/CCT2/CDK5RAP3/CDKN1A/CEBPB/CKB/CLU/CRK/CUL1/CUL2/CUL4A/CUL4B/CUL5/DAXX/DBT/DERL1/DIO2/DLG3/EGFR/ERBB3/ERLIN2/FAF2/FBXO7/FBXW7/FHIT/FZD4/FZD5/GABARAPL1/GLMN/GPI/GPR37/HGS/HIF1A/HLTF/HM13/HSP90AA1/HSP90AB1/HSPA1A/HSPA1B/HSPA1L/HSPA5/HSPA6/HSPA7/HSPA8/HSPBP1/JUN/KCNH2/KDM4A/MC1R/MDM2/MFN2/MID1/NAE1/NDUFS2/NEDD8/NKD2/NPLOC4/OTUB1/PA2G4/PATZ1/PCBP2/PER1/PIAS4/POLR2A/PPARGC1A/PRDX6/PRKACA/PRKACB/PRKAR1A/PRKAR2A/PRKAR2B/PRR5L/PSMA3/PSMD1/RALB/RANGAP1/RELA/RIPK1/RNF20/RNF31/RNF40/RPA2/RPS27A/RRAGA/SCAMP3/SKI/SLC22A18/SMAD2/SMAD5/SMAD6/SMG5/SPOPL/SUMO3/SYT11/TMBIM6/STING1/TOLLIP/TPI1/TRAF2/TRAF3/TRAF4/TRAF5/TRAF6/TRIB2/TRIB3/TRIM28/TUBA1B/TUBB/TXNIP/UBA52/UBASH3B/UBC/UBE2A/UBE2C/UBE2D1/UBE2D4/UBE2G1/UBE2J2/UBE2L3/UBE2L6/UBE2N/UBE2T/UBXN7/UCHL1/USP13/USP19/USP2/USP25/USP7/VCL/VCP/XRCC5/YOD1/YWHAE/ZNF746",150
"GO:0016887","GO:0016887","ATP hydrolysis activity","154/5533","320/16583",2.48226175236842e-08,3.67995304788619e-06,3.1256901276534e-06,"ACIN1/ATAD1/ATAD3A/ATAD3B/ATAD5/ATF7IP/ATP10D/ATP11B/ATP13A1/ATP13A3/ATP1A1/ATP2A2/ATP2B3/ATP6V1G1/ATP6V1G2/ATP6V1H/ATP8A1/ATP8B1/ATP9A/ATRX/BCS1L/BRIP1/BTAF1/CCT2/CCT3/CCT5/CCT6A/CCT6B/CCT7/CHD2/CHD4/CHD6/CHD7/CHD9/CLPB/DDX1/DDX18/DDX19A/DDX21/DDX23/DDX27/DDX28/DDX39A/DDX42/DDX47/DDX49/DDX5/DDX51/DDX54/DDX56/DDX6/DDX60/DDX60L/DHX15/DHX16/DHX30/DHX33/DHX34/DHX37/DHX38/DHX40/DHX9/DNA2/DNAH14/EIF4A2/EIF4A3/ERCC2/ERCC3/ERCC6L/FIGN/FIGNL2/G3BP1/HELB/HSP90AA1/HSP90AB1/HSP90AB3P/HSP90B1/HSPA13/HSPA1A/HSPA1B/HSPA1L/HSPA2/HSPA5/HSPA6/HSPA7/HSPA8/IFIH1/IGHMBP2/INO80/KATNA1/KATNAL2/KIF13A/KIF15/KIF17/KIF18B/KIF1A/KIF1C/KIF20A/KIF21B/KIF22/KIF2C/KIF3A/KIF3B/KIF5A/KIF7/KIFC1/MCM3/MCM4/MCM6/MCM7/MDN1/MLH1/MORC3/MOV10/MSH2/NAV2/NSF/NTPCR/OLA1/ORC1/PEX6/PFN2/PIF1/PMS2/PSMC2/PSMC3/PSMC4/PSMC5/RAD50/RAD54L2/RECQL5/RFC1/RHOBTB3/RNF213/RUVBL1/RUVBL2/SLFN11/SMARCA4/SMARCA5/SMARCAD1/SMC1A/SMC3/SNRNP200/SPAST/SRCAP/SUPV3L1/SWSAP1/TRAP1/TRIP13/UPF1/VCP/VPS4A/WRNIP1/YTHDC2",154
"GO:0140098","GO:0140098","catalytic activity, acting on RNA","161/5533","338/16583",2.90201851102325e-08,3.82421550452619e-06,3.24822422812777e-06,"AARS1/AARS2/ALKBH1/ALKBH5/ALKBH8/ANGEL2/APEX1/BRIP1/CARS1/CARS2/CNOT7/CRCP/DBR1/DCP2/DDX1/DDX18/DDX19A/DDX21/DDX23/DDX27/DDX28/DDX39A/DDX42/DDX47/DDX49/DDX5/DDX51/DDX54/DDX56/DDX6/DDX60/DDX60L/DHX15/DHX16/DHX30/DHX33/DHX34/DHX37/DHX38/DHX40/DHX9/DICER1/DIS3L/DTWD2/DUS1L/DUS3L/EARS2/EIF4A2/EIF4A3/EMG1/ERI2/ERI3/ERN1/EXOSC10/EXOSC3/EXOSC5/EXOSC9/FARSA/FARSB/FBL/FBLL1/FEN1/FTO/FTSJ1/FTSJ3/G3BP1/GATC/IARS2/IFIH1/IGHMBP2/ISG20L2/KARS1/KHNYN/LARS2/LCMT2/LRRC47/MED20/MEPCE/METTL1/METTL2B/METTL3/METTL6/MOV10/N4BP1/NOP2/NSUN2/NSUN5/NSUN6/NUDT16/NYNRIN/PARN/PCIF1/PDE12/PIF1/POLR1A/POLR1B/POLR1C/POLR1D/POLR2A/POLR2B/POLR2E/POLR2F/POLR2I/POLR2J/POLR2L/POLR3A/POLR3B/POLR3F/POLR3G/POLR3H/POLR3K/POLRMT/POP1/POP4/PPP1R8/PRORSD1P/PTRHD1/PUS1/QARS1/QRSL1/RAD54B/RARS1/RARS2/RNASE4/RNASEH2A/RPP14/RPP30/RPP40/METTL25B/SAMHD1/SARS1/SMG6/SNRNP200/SUPV3L1/TARBP1/TARS3/TFB1M/THG1L/THUMPD2/TOE1/TRIT1/TRMT1/TRMT11/TRMT2B/TRMT61A/TRMU/TRPT1/TSEN34/TSNAX/TYW1B/TYW3/TYW5/UPF1/VARS1/WARS1/WARS2/WDR4/XRN1/XRN2/YTHDC2/ZC3H12A",161
"GO:0003713","GO:0003713","transcription coactivator activity","129/5533","262/16583",6.41518305848937e-08,7.60840710736839e-06,6.46245282839402e-06,"ABL1/ABT1/ACTL6A/ACTN2/ACTN4/APEX1/ARID1B/ARL2BP/ATN1/ATXN7L3/BCL3/BCL9/BRCA1/BRD4/BRD7/CALCOCO1/CAMTA2/CARM1/CBFB/CCAR1/CCDC124/CITED2/COPS5/CTBP1/CTNNB1/DAXX/DCAF6/DHX9/DRAP1/DYRK1B/EDF1/ELK1/ENY2/FGF2/FIZ1/FUS/HCFC1/HCFC2/HMGA1/HMGB1/HMGB2/HYAL2/ING4/KAT2A/KAT5/LMO2/LMO4/LPIN1/LPIN3/MAGED1/MAML2/MED1/MED12/MED16/MED17/MED20/MED24/MED30/MID2/MTA2/MTDH/MYSM1/NCOA1/NCOA2/NCOA6/NME2/NUP98/NUPR1/PARK7/PBXIP1/PER2/PHF2/PKN1/PMF1/PPARGC1A/PPARGC1B/PPRC1/PQBP1/PRMT2/PRPF6/PSMD9/RAP2C/RBM14/RBPMS/RERE/RNF14/RNF20/RNF4/RRP1B/RUVBL1/SERTAD2/SETD3/SIN3A/SMARCA4/SMARCB1/SMARCC1/SMARCD1/SMARCE1/SRCAP/SS18/SUPT3H/TADA2A/TADA2B/TADA3/TAF5L/TAF6L/TCF20/TMF1/TOX2/TOX3/TRIM13/TRIM14/TRIM25/TRIM28/TRIM5/TRIM52/TRIM8/UBE2L3/USP22/WBP2/WDR77/XPC/YAF2/YAP1/ZIC3/ZMIZ1/ZMIZ2/ZXDA/ZXDC",129
"GO:0003714","GO:0003714","transcription corepressor activity","95/5533","185/16583",3.00364958841548e-07,3.23848037441887e-05,2.75071067570681e-05,"AASS/APEX1/ATF7IP/ATN1/BASP1/BCL3/BCOR/BRD7/BTG2/C1QBP/CCAR1/CCND1/CDYL2/CIR1/CITED2/CNOT7/CREG1/CTBP1/DAXX/DDX54/DMAP1/DNAJB1/DPF2/DRAP1/EID2/EID2B/ENO1/EZH1/HDAC1/HDGF/HIRA/HMGB1/HNRNPU/HSBP1/HSBP1L1/HSPA1A/IRF2BP2/IRF2BPL/JAZF1/LCOR/LIMD1/MECP2/MED1/MIER1/MTA2/MYBBP1A/N4BP2L2/NCOA5/NOC2L/NSD1/PA2G4/PBXIP1/PFDN5/PHB1/PHF12/PIAS4/PPP1R13L/PRMT5/RBBP8/RBFOX2/RCOR2/RERE/RLIM/RUVBL2/RYBP/SAP30/SCAI/SF1/SFMBT1/SFMBT2/SIN3A/SIN3B/SIRT6/SIRT7/SMARCA4/SUFU/TAF9B/TBL1XR1/TFAP2A/TLE1/TLE2/TLE3/TLE6/TOB1/TRIB3/TRIM28/URI1/UXT/WTIP/YAF2/YAP1/ZFPM1/ZMYND11/ZMYND8/ZNF451",95
"GO:0004386","GO:0004386","helicase activity","78/5533","146/16583",4.34505146943334e-07,4.29435920228995e-05,3.64755636512957e-05,"ATRX/BRIP1/BTAF1/CHD2/CHD4/CHD6/CHD7/CHD9/CHTF8/DDX1/DDX18/DDX19A/DDX21/DDX23/DDX27/DDX28/DDX39A/DDX42/DDX47/DDX49/DDX5/DDX51/DDX54/DDX56/DDX6/DDX60/DDX60L/DHX15/DHX16/DHX30/DHX33/DHX34/DHX37/DHX38/DHX40/DHX9/DICER1/DNA2/EIF4A2/EIF4A3/ERCC2/ERCC3/ERCC6L/G3BP1/HELB/HELLS/HLTF/IFIH1/IGHMBP2/MCM2/MCM3/MCM4/MCM6/MCM7/MOV10/NAV2/PIF1/RAD50/RAD54B/RAD54L2/RECQL5/RUVBL1/RUVBL2/SLFN11/SMARCA1/SMARCA4/SMARCA5/SMARCAD1/SMARCAL1/SNRNP200/SRCAP/SUPV3L1/TTF2/UPF1/WRNIP1/XRCC5/XRCC6/YTHDC2",78
"GO:0005048","GO:0005048","signal sequence binding","31/5533","44/16583",5.32496350324858e-07,4.85800516527139e-05,4.12630775110031e-05,"AP2B1/AP2M1/CAT/IPO4/IPO5/KCNIP2/KDELR1/KDELR2/KDELR3/KPNA1/KPNA2/KPNA6/KPNB1/NOLC1/NUP214/NUP98/PEX19/PEX5/PEX7/POM121/POM121C/POM121L2/RANBP6/SEC61A1/SEC61A2/SRP14/SRP68/TNPO1/TNPO2/TOMM20/TOMM40L",31
"GO:0060090","GO:0060090","molecular adaptor activity","196/5533","448/16583",2.26331691725349e-06,0.000191735275990189,0.000162856713519669,"ADAM10/ADD2/AFAP1L2/AIMP2/AKAP5/AKAP9/AKIRIN2/ANK1/ANK2/AP1G1/AP1M1/AP1S1/AP1S2/AP2A1/AP2A2/AP2B1/AP2M1/AP2S1/AP4E1/APH1A/ARPC4/ARRDC4/ATP1B2/AXIN1/BAIAP2/BBS4/BCL2L11/BCL3/BET1L/BICD1/BRD4/BTRC/CAPN3/CAV1/CAV2/CBX1/CBX5/CCNB1/CNKSR1/COL11A2/COL14A1/COL19A1/COL4A4/COX15/CRK/CUL1/CUL2/CUL4A/CUL4B/CUL5/DAB2/DAB2IP/DAXX/DCAF12/DCAF7/DDB1/DGCR8/DLGAP3/DTL/DVL2/DYNC1LI1/E2F1/EIF3B/EIF4G1/EPS8/ERCC2/FBXO42/FBXO7/FBXW7/FEM1A/FEM1C/FIS1/FLRT2/FLRT3/FMR1/FSCN1/FUS/GAB2/GAS2L1/GAS6/GATAD2A/GNB1/GNB4/GOSR2/GRB2/GRIP2/H2AZ2/HCFC1/HERPUD1/HIP1/HMGA1/HMGN2/HOMER1/HOMER2/HSPA8/INSC/INSM1/IQGAP1/IRS1/ISCU/ITSN1/JAG1/KHDRBS1/KLF4/KLHDC2/KLHDC3/KLHL15/KSR1/LAMTOR1/LAMTOR3/LDLR/LDLRAP1/MAGI2/MAP1A/MAP2K4/MAPK8IP2/MAPKAP1/MAPRE1/MAPT/MAVS/MBD2/MECP2/MEN1/MYH9/NAPA/NAPG/NCBP1/NCK1/NCSTN/NEFL/NKD2/NMD3/NOLC1/NUFIP1/NUPR1/OBSL1/OPTN/OTUD4/PCNT/PDCD6/PEF1/PIK3R1/PKP2/PPP1R3C/PPP4R2/PPP5C/PSMG1/PSMG3/PTPN11/RAD50/RGS14/RICTOR/RPTOR/RUVBL2/SDCBP/SGTA/SH2B1/SHANK1/SHANK2/SKP1/SLC9A3R1/SMARCD1/SNAP23/SNAP25/SNAP29/SP1/SPAG9/SPTBN4/SRRT/STAT3/STON1/STX16/SUN2/SYN1/SYNE1/SYNE2/TCOF1/TELO2/TGFBR2/TIRAP/TRAF2/TRIM5/TRIM6/UBE2Z/VAMP1/VAMP2/VAMP3/VAMP8/VHL/VIM/VPS18/VTI1A/VTI1B/XK/YKT6/ZC3H18",196
"GO:0008094","GO:0008094","ATP-dependent activity, acting on DNA","61/5533","112/16583",3.3097533990655e-06,0.000261691168752779,0.000222276070379346,"ATAD5/ATRX/BRIP1/BTAF1/CECR2/CHD2/CHD4/CHD6/CHD7/CHD9/CHTF8/DDX1/DHX9/DNA2/ERCC2/ERCC3/ERCC6L/G3BP1/HELB/HELLS/HLTF/IGHMBP2/INO80/MCM2/MCM3/MCM4/MCM6/MCM7/MLH1/MSH2/MSH3/MSH4/NAV2/PIF1/PMS2/RAD50/RAD51C/RAD51D/RAD54B/RAD54L2/RBBP4/RECQL5/RFC1/RUVBL1/RUVBL2/SMARCA1/SMARCA4/SMARCA5/SMARCAD1/SMARCAL1/SMC3/SRCAP/SUPV3L1/TOP2A/TTF2/UPF1/WRNIP1/XRCC2/XRCC3/XRCC5/XRCC6",61
"GO:0090079","GO:0090079","translation regulator activity, nucleic acid binding","56/5533","101/16583",3.96546546237582e-06,0.000293940127398608,0.000249667792598267,"ABCF1/MTRFR/CELF1/CELF4/COPS5/CPEB1/CPEB2/CPEB3/CPEB4/DENR/DHFR/EEF1A1/EEF1A2/EEF1D/EEF2K/EIF1/EIF1AX/EIF1B/EIF2A/EIF2B1/EIF2B2/EIF2B4/EIF2B5/EIF2S2/EIF3A/EIF3B/EIF3G/EIF3H/EIF3I/EIF3J/EIF4A2/EIF4B/EIF4G1/EIF4G2/EIF4G3/EIF4H/EIF5/EIF5A/EIF5AL1/EIF5B/EIF6/GFM1/GTPBP1/LARP1/MIF4GD/MTRF1/PABPC1/PAIP1/PAIP2/PAIP2B/PURA/RPS27L/SHMT2/TSFM/TYMS/ZNF540",56
"GO:0043021","GO:0043021","ribonucleoprotein complex binding","76/5533","148/16583",4.42618649608588e-06,0.000308791599079873,0.000262282382461559,"ABCE1/BAG6/MTRFR/C1QBP/CBX5/CD2BP2/CPEB1/CPEB2/CPEB3/CPEB4/DDX5/DERL1/DHX33/DHX9/DNAJC2/EIF1/EIF1B/EIF2A/EIF4A3/EIF4B/EIF4H/EIF5A/EIF5AL1/EIF6/ERAL1/FMR1/GEMIN4/GEMIN5/GUF1/HNRNPU/HSPA5/IFIH1/IGHMBP2/IMPACT/LARP1/LETM1/MDM2/MRRF/MTOR/NCLN/NEAT1/NEMF/NMD3/NME1/NOLC1/OLA1/PES1/PHF6/PIM1/PPP1CA/PQBP1/PRMT3/PRMT5/PRMT7/PRPF6/RBM3/RICTOR/RPSA/SBDS/SEC61A1/SEC61A2/SECISBP2/SMG6/SNRPB/SNRPD1/SRP68/STRAP/TACO1/TIMM50/TMCO1/TTC5/UNK/XPO5/YTHDF3/ZC3H12A/ZNF622",76
"GO:0042393","GO:0042393","histone binding","113/5533","239/16583",4.98149844733383e-06,0.000328225397696551,0.00027878912363149,"AASS/ANP32A/ANP32B/ANP32E/ASF1B/ATRX/BAZ1B/BCAS3/BRD1/BRD2/BRD3/BRD4/BRD7/CARM1/CBX1/CBX2/CBX5/CD1D/CDYL2/CHAF1B/CHD2/CHD4/CHD6/CHD7/CKS1B/CKS2/CTCFL/DAXX/DNAJC2/DNAJC9/DPF1/DPF2/EZH1/FMR1/GLYR1/GRWD1/H2AX/HIRA/HJURP/ING1/ING2/ING4/ING5/INO80/IPO7/IPO9/JARID2/KAT5/KDM4A/L3MBTL2/L3MBTL3/LRWD1/MCM2/MCM3AP/MLLT1/MLLT10/MLLT6/MORC3/MTF2/MYSM1/NAP1L1/NAP1L4/NCAPG2/NOC2L/PHC1/PHC2/PHC3/PHF19/PHF2/PHF6/PIH1D1/PKN1/PRMT7/PTMA/PTMS/PWP1/PYGO2/RBBP4/RBBP7/RCC1/RNF168/RNF20/SAMD13/SAP30L/SART3/SBNO1/SET/SETD5/SFMBT1/SFMBT2/SMARCA4/SMARCA5/SMARCC1/SPHK2/SPIN1/SPTY2D1/SRCAP/SSRP1/SUPT6H/SUZ12/TAF7/TBL1XR1/TP53BP1/TSPYL2/TSPYL4/TTLL12/UHRF1/USP15/WDR5/WDR5B/ZMYND11/ZMYND8/ZNHIT1",113
"GO:0140297","GO:0140297","DNA-binding transcription factor binding","201/5533","467/16583",6.25883622485305e-06,0.000390683145403985,0.000331839682392486,"ACTB/ACTN4/ADD1/AKAP8/ANXA4/APEX1/ARNT/ARNT2/BMAL1/ASCL1/BBS10/BBS2/BBS4/BBS5/BCAS3/BCL3/BCL6/BCOR/BEX1/BHLHE40/BHLHE41/BRMS1/CBX5/CDK5RAP3/CEBPB/CEBPG/CHD4/CITED2/CNOT7/COMMD7/CPNE1/CREM/CRTC1/CRTC2/CRTC3/CRY2/CSNK2B/CTBP1/CTDP1/CTNNB1/DAXX/DDIT3/DDX5/DDX54/DHX33/DHX9/DLL1/DMAP1/E2F1/ELK1/EPAS1/EXOSC9/FIZ1/FOS/GABARAPL1/GAS2L1/GATA2/GATA4/GBX2/GTF2A1/GTF2H1/GTF2I/HAND2/HCFC1/HDAC1/HES1/HES6/HIF1A/HIF1AN/HIRA/HMGA1/HMGB1/HMGB2/HOXA7/HSF1/HSPB1/ID4/IKZF4/JMJD1C/JUN/KAT2A/KAT5/KDM3A/KEAP1/KLF4/KLF5/LCOR/LMO2/LMO4/MAD2L2/MAX/MDFIC/MED1/MED12/MED16/MED17/MED24/MED25/MED30/MEF2C/METTL23/MTA2/MTDH/MYC/NBN/NCAPG2/NCL/NCOA1/NCOA2/NCOA6/NFIA/NFYB/NHLH2/NOC2L/NR4A2/NSD1/PADI2/PARK7/PARP1/PBXIP1/PDCD11/PER1/PITX1/PKN1/POU4F1/PPARA/PPARD/PPARG/PPARGC1A/PPARGC1B/PPID/PRDM13/PRMT2/PROX1/PRPF6/PRRX1/PSMC5/PSMD9/PTMA/PTPN2/PURA/PURB/RAD23B/RARG/RBBP8/RBFOX2/RBPJ/RELA/RERG/RNF14/RUNX2/RXRA/SETD1A/SETD3/SETD6/SIN3A/SIRT2/SKI/SMAD2/SMARCA1/SMARCA4/SMARCB1/SMARCE1/SOX8/SOX9/SP1/SP3/STAT3/STK4/TADA3/TAF4/TAF4B/TAF7/TCF3/TDG/TFDP1/TLE1/STING1/TMF1/TP53BP1/TP53BP2/TP73/TRIB2/TRIM6/TTC8/TWIST1/TXLNG/UBXN7/USF2/VHL/WBP2/WIPI1/WWP2/XPC/YAP1/ZBTB17/ZBTB7A/ZBTB8A/ZFPM1/ZMYND8/ZNF703",201
"GO:0003725","GO:0003725","double-stranded RNA binding","42/5533","71/16583",7.15810983150486e-06,0.000424475913008238,0.000360542689934219,"ADAR/ADARB1/DDX1/DDX21/DDX60/DDX60L/DGCR8/DHX15/DHX30/DHX33/DHX9/DICER1/EIF2AK2/EIF4B/EIF4H/ELAVL1/HNRNPU/HSP90AB1/IFIH1/ILF2/ILF3/LSM14A/MBNL1/MRPL44/MSN/MTDH/PRKRA/RC3H1/RC3H2/RFTN1/SIDT2/SLC3A2/STAU1/STRBP/SUPV3L1/TARBP2/TFRC/TUBA1B/TUBB4B/VIM/ZFR/ZNF346",42
"GO:0140142","GO:0140142","nucleocytoplasmic carrier activity","21/5533","28/16583",7.82763183919222e-06,0.000442074826727713,0.000375490910782304,"CSE1L/IPO11/IPO4/IPO5/IPO9/KPNA1/KPNA2/KPNA6/KPNB1/NUP214/RAN/RANBP6/SNUPN/TNPO1/TNPO2/TNPO3/XPO1/XPO4/XPO5/XPO6/XPO7",21
"GO:0003899","GO:0003899","DNA-directed 5'-3' RNA polymerase activity","20/5533","27/16583",1.77781505852405e-05,0.00095840393609524,0.000814052158376803,"CRCP/MED20/POLR1A/POLR1B/POLR1C/POLR1D/POLR2A/POLR2B/POLR2E/POLR2F/POLR2I/POLR2J/POLR2L/POLR3A/POLR3B/POLR3F/POLR3G/POLR3H/POLR3K/POLRMT",20
"GO:0140662","GO:0140662","ATP-dependent protein folding chaperone","23/5533","33/16583",2.13302796521022e-05,0.00109990050727796,0.000934236962336924,"CCT2/CCT3/CCT5/CCT6A/CCT6B/CCT7/HSP90AA1/HSP90AB1/HSP90AB3P/HSP90B1/HSPA13/HSPA1A/HSPA1B/HSPA1L/HSPA2/HSPA4/HSPA4L/HSPA5/HSPA6/HSPA7/HSPA8/HSPE1/TRAP1",23
"GO:0047485","GO:0047485","protein N-terminus binding","55/5533","104/16583",3.05315428533946e-05,0.00143897642169057,0.00122224233208296,"ACOX1/ACTN4/BANF1/CALM1/CALM2/CALM3/CHMP6/CSNK2A1/DAXX/DCTN4/EIF5A/EPB41/ERCC2/ERCC3/EXOC4/EXOC5/FEZ1/GADD45A/HDAC1/HSPA1A/HSPA1B/KCNIP2/KLHL13/LRP8/MAU2/MDM2/MECP2/MEN1/MNAT1/NBN/NCOA1/PARP1/PELP1/PEX19/PEX5/PIAS3/RBPJ/RELA/RPA2/SCFD1/SDCBP/SLC9A3R1/SMARCA4/SMARCC1/SMARCE1/SNF8/STXBP1/SUV39H1/SYNGR3/TARBP2/TBL1XR1/TRAF6/VPS25/YWHAQ/ZWINT",55
"GO:0030674","GO:0030674","protein-macromolecule adaptor activity","146/5533","332/16583",3.10728139352725e-05,0.00143897642169057,0.00122224233208296,"AFAP1L2/AKIRIN2/ANK1/ANK2/AP1G1/AP1M1/AP1S1/AP1S2/AP2A1/AP2A2/AP2B1/AP2M1/AP2S1/AP4E1/APH1A/ARPC4/ARRDC4/ATP1B2/AXIN1/BAIAP2/BBS4/BCL3/BET1L/BICD1/BRD4/BTRC/CAV1/CAV2/CBX5/CNKSR1/COL11A2/COL14A1/COL19A1/CRK/CUL1/CUL2/CUL4A/CUL4B/CUL5/DAB2/DAB2IP/DAXX/DCAF12/DCAF7/DDB1/DGCR8/DTL/DVL2/EPS8/ERCC2/FBXO42/FBXO7/FBXW7/FEM1A/FEM1C/FLRT2/FLRT3/FMR1/FSCN1/FUS/GAB2/GAS2L1/GAS6/GATAD2A/GNB1/GNB4/GOSR2/GRB2/GRIP2/HCFC1/HERPUD1/HIP1/HOMER1/HOMER2/HSPA8/INSC/IQGAP1/IRS1/KHDRBS1/KLF4/KLHDC2/KLHDC3/KLHL15/KSR1/LDLRAP1/MAGI2/MAP1A/MAPK8IP2/MAPT/MAVS/MECP2/MEN1/MYH9/NAPA/NAPG/NCK1/NCSTN/NEFL/NMD3/NOLC1/NUFIP1/OBSL1/OPTN/PDCD6/PEF1/PIK3R1/PPP4R2/PTPN11/RAD50/RGS14/RPTOR/SDCBP/SH2B1/SHANK1/SHANK2/SKP1/SLC9A3R1/SNAP23/SNAP25/SNAP29/SPAG9/SPTBN4/SRRT/STAT3/STON1/STX16/SUN2/SYN1/SYNE1/SYNE2/TCOF1/TIRAP/TRAF2/TRIM5/TRIM6/VAMP1/VAMP2/VAMP3/VAMP8/VHL/VPS18/VTI1A/VTI1B/XK/YKT6/ZC3H18",146
"GO:0000900","GO:0000900","mRNA regulatory element binding translation repressor activity","13/5533","15/16583",3.15458574738236e-05,0.00143897642169057,0.00122224233208296,"CELF1/CELF4/CPEB1/CPEB2/CPEB3/CPEB4/DHFR/PAIP2/PAIP2B/PURA/SHMT2/TYMS/ZNF540",13
"GO:0097718","GO:0097718","disordered domain specific binding","22/5533","32/16583",4.51205329726864e-05,0.00198196118909652,0.00168344444658327,"AP2A2/AP2M1/BCL2L2/CALM1/CALM2/CALM3/CTNNB1/DFFB/FN1/GJA5/HSP90AA1/HSP90AB1/HSP90AB3P/HSPA1A/HSPA2/KCNA1/KEAP1/MDM2/NUMA1/PPIL1/RRM1/SMAD2",22
"GO:0030374","GO:0030374","nuclear receptor coactivator activity","32/5533","53/16583",4.94266281949024e-05,0.00203758963732242,0.00173069431340868,"ACTN2/ACTN4/ATXN7L3/CALCOCO1/CARM1/CCAR1/DCAF6/ELK1/ENY2/FGF2/HMGA1/MED1/MED12/MED17/MED24/MED30/NCOA1/NCOA2/NCOA6/PKN1/PPARGC1A/PPARGC1B/PPRC1/RBM14/RNF4/SS18/TADA3/TMF1/USP22/WDR77/ZMIZ1/ZMIZ2",32
"GO:0019902","GO:0019902","phosphatase binding","90/5533","191/16583",5.12053143411371e-05,0.00203758963732242,0.00173069431340868,"AKAP5/ANAPC5/ANAPC7/ANK1/ANKLE2/AP3B1/ARPP19/BAD/BOD1/C20orf27/CARHSP1/CRY2/CSK/CTNNB1/CTSC/DAB2IP/DLG3/EGFR/EIF2AK3/ENSA/ERBB2/FBXL2/GHR/GNA12/GRB2/GTF2F1/HSP90AA1/HSP90B1/IQGAP1/ITGA1/JAK3/KAT2A/KCNQ1/KIF3A/MAGI2/MAPK1/MAPK3/MAPT/MAST2/MASTL/MTMR4/MVP/PDLIM4/PHACTR3/PIK3R1/PPARA/PPME1/PPP1CA/PPP1R11/PPP1R15A/PPP1R16B/PPP1R32/PPP1R3B/PPP1R3C/PPP1R3D/PPP1R3E/PPP1R9B/PPP3CB/PPP3R1/PPP6R1/PPP6R2/PPP6R3/PTPN1/PXN/RCAN3/RPA2/RPS6KB1/SH3YL1/SLC9A3R1/SMAD2/SMG5/SMG7/SMTNL2/SNX3/SOD1/SPRED1/SPTBN4/STAT3/STAU1/STRN4/STYXL1/SYK/TBK1/TERF2IP/TPRN/TRAF2/TRAF3/TSC2/VCP/YWHAE",90
"GO:0031072","GO:0031072","heat shock protein binding","59/5533","115/16583",5.15410532206347e-05,0.00203758963732242,0.00173069431340868,"AHSA1/BMAL1/BAG6/BAK1/BAX/BCOR/CDC37/CDK5/CSNK2A1/DAXX/DNAJA2/DNAJA3/DNAJB1/DNAJB12/DNAJB14/DNAJB9/DNAJC2/DNAJC7/DNAJC8/DNAJC9/EIF2AK3/ERN1/GBP1/GMEB1/GPR37/HIF1A/HSF1/HSP90AB1/HSPA13/HSPA1A/HSPA1B/HSPA1L/HSPA2/HSPA5/HSPA6/HSPA7/HSPA8/HTT/IRAK1/KPNB1/LIMK1/LMAN2/MAPT/METTL23/NOD2/OGDH/PDXP/PPID/PPP5C/SLC12A2/STIP1/TELO2/TFAM/TFRC/TOMM34/TSC2/UNC45A/USP19/ZFP36",59
"GO:0005525","GO:0005525","GTP binding","148/5533","341/16583",6.10271755512582e-05,0.00233478161947717,0.00198312417665718,"ADSS1/AGAP1/AGAP2/AGAP3/AK3/AK4/ARF3/ARF4/ARF5/ARFIP2/ARFRP1/ARHGAP35/ARL13B/ARL16/ARL3/ARL5A/ARL5B/ARL8B/BMS1/CDC42/DAPK1/DNAJC27/DNM1/DNM2/DNM3/DRG1/EEF1A1/EEF1A2/EFTUD2/EHD1/EIF2B2/EIF5/EIF5B/ERAL1/GBP1/GBP2/GCH1/GEM/GFM1/GFM2/GLUD1/GLUD2/GNA11/GNA12/GNAI2/GNAQ/GNAT2/GNL3L/GTPBP1/GTPBP10/GTPBP3/GTPBP8/GUF1/HHAT/HRAS/HSP90AA1/HSP90AB1/INSR/IRGM/LANCL2/LSG1/MAB21L1/MFN2/MTG1/NIN/NKIRAS1/NKIRAS2/NME1/NMUR2/NOLC1/NRAS/OLA1/OPA1/PCK1/PCK2/PIP4K2B/RAB10/RAB11B/RAB13/RAB1B/RAB22A/RAB23/RAB25/RAB26/RAB28/RAB31/RAB32/RAB33B/RAB35/RAB36/RAB39B/RAB3B/RAB3D/RAB40C/RAB4A/RAB5A/RAB5B/RAB5C/RAB6B/RAB6C/RAB7A/RAB8A/RAB8B/RAB9A/RABL2B/RABL3/RAC1/RALB/RAN/RAP2A/RAP2B/RAP2C/RASD2/RASL10A/RASL10B/RASL11B/REM2/RERG/RHOA/RHOB/RHOBTB1/RHOBTB3/RHOQ/RHOU/RND3/RRAGA/RRAGC/RRAGD/RRAS/RRAS2/SAMHD1/SAR1A/SAR1B/SEPHS1/SRPRB/SUCLG2/THG1L/TSR1/TUBA1A/TUBA1B/TUBA1C/TUBA4A/TUBB/TUBB2B/TUBB3/TUBB4B/TUBE1/URGCP",148
"GO:0031490","GO:0031490","chromatin DNA binding","59/5533","116/16583",7.1044594951093e-05,0.00263309030037488,0.00223650254500645,"ACTB/ACTL6A/ACTN4/APEX1/ATRX/BAP1/BCL6/CEBPB/CHD4/CTCF/CTCFL/DHX9/GATAD2B/H1-0/H1-10/MACROH2A1/H3-5/HDAC1/H1-2/H1-3/H1-4/HMGN2/HMGN4/HMGN5/HNRNPU/HSF1/INSM1/JMJD1C/KDM3A/KDM3B/KDM6B/KLF4/MBD2/MBD3/MTA2/OGT/PER1/PPARGC1A/RBBP4/RCC1/RELA/REPIN1/RUNX2/RUVBL2/SBNO1/SIRT6/SMARCA4/SMARCB1/SMARCC1/SMARCE1/STAT3/SUZ12/THRA/TOX/TOX2/TOX3/WBP2/ZFX/ZIC2",59
"GO:0140104","GO:0140104","molecular carrier activity","40/5533","72/16583",8.65328300681592e-05,0.00310993746851021,0.00264152849681749,"ANP32E/ASF1B/BAG3/CLU/COX17/CSE1L/DPH3/FXN/HBQ1/HSPA8/IPO11/IPO4/IPO5/IPO9/KPNA1/KPNA2/KPNA6/KPNB1/NAP1L1/NDUFAB1/NUBP1/NUBP2/NUP214/PARK7/PEX19/RAN/RANBP6/SNUPN/SPTY2D1/TIMM10/TIMM9/TNPO1/TNPO2/TNPO3/URM1/XPO1/XPO4/XPO5/XPO6/XPO7",40
"GO:0019001","GO:0019001","guanyl nucleotide binding","155/5533","362/16583",9.41762519560102e-05,0.00318882222031009,0.00270853187613096,"ADSS1/AGAP1/AGAP2/AGAP3/AK3/AK4/ARF3/ARF4/ARF5/ARFIP2/ARFRP1/ARHGAP35/ARL13B/ARL16/ARL3/ARL5A/ARL5B/ARL8B/BMS1/CDC42/DAPK1/DNAJC27/DNM1/DNM2/DNM3/DRG1/DYNC1LI1/EEF1A1/EEF1A2/EFTUD2/EHD1/EIF2B2/EIF5/EIF5B/ERAL1/GBP1/GBP2/GCH1/GEM/GFM1/GFM2/GLUD1/GLUD2/GNA11/GNA12/GNAI2/GNAQ/GNAT2/GNL3L/GTPBP1/GTPBP10/GTPBP3/GTPBP8/GUF1/HHAT/HRAS/HSP90AA1/HSP90AB1/INSR/IRGM/LANCL2/LSG1/MAB21L1/MFN2/MPPED2/MTG1/NIN/NKIRAS1/NKIRAS2/NME1/NME2/NMUR2/NOLC1/NRAS/OLA1/OPA1/PCK1/PCK2/PDE5A/PIP4K2B/PRPS2/RAB10/RAB11B/RAB13/RAB1B/RAB22A/RAB23/RAB25/RAB26/RAB28/RAB31/RAB32/RAB33B/RAB35/RAB36/RAB39B/RAB3B/RAB3D/RAB40C/RAB4A/RAB5A/RAB5B/RAB5C/RAB6B/RAB6C/RAB7A/RAB8A/RAB8B/RAB9A/RABL2B/RABL3/RAC1/RALB/RAN/RAP2A/RAP2B/RAP2C/RASD2/RASL10A/RASL10B/RASL11B/REM2/RERG/RHOA/RHOB/RHOBTB1/RHOBTB3/RHOQ/RHOU/RND3/RRAGA/RRAGC/RRAGD/RRAS/RRAS2/SAMHD1/SAR1A/SAR1B/SEPHS1/SLC19A1/SRPRB/SUCLG2/THG1L/STING1/TSR1/TUBA1A/TUBA1B/TUBA1C/TUBA4A/TUBB/TUBB2B/TUBB3/TUBB4B/TUBE1/URGCP",155
"GO:0032561","GO:0032561","guanyl ribonucleotide binding","155/5533","362/16583",9.41762519560102e-05,0.00318882222031009,0.00270853187613096,"ADSS1/AGAP1/AGAP2/AGAP3/AK3/AK4/ARF3/ARF4/ARF5/ARFIP2/ARFRP1/ARHGAP35/ARL13B/ARL16/ARL3/ARL5A/ARL5B/ARL8B/BMS1/CDC42/DAPK1/DNAJC27/DNM1/DNM2/DNM3/DRG1/DYNC1LI1/EEF1A1/EEF1A2/EFTUD2/EHD1/EIF2B2/EIF5/EIF5B/ERAL1/GBP1/GBP2/GCH1/GEM/GFM1/GFM2/GLUD1/GLUD2/GNA11/GNA12/GNAI2/GNAQ/GNAT2/GNL3L/GTPBP1/GTPBP10/GTPBP3/GTPBP8/GUF1/HHAT/HRAS/HSP90AA1/HSP90AB1/INSR/IRGM/LANCL2/LSG1/MAB21L1/MFN2/MPPED2/MTG1/NIN/NKIRAS1/NKIRAS2/NME1/NME2/NMUR2/NOLC1/NRAS/OLA1/OPA1/PCK1/PCK2/PDE5A/PIP4K2B/PRPS2/RAB10/RAB11B/RAB13/RAB1B/RAB22A/RAB23/RAB25/RAB26/RAB28/RAB31/RAB32/RAB33B/RAB35/RAB36/RAB39B/RAB3B/RAB3D/RAB40C/RAB4A/RAB5A/RAB5B/RAB5C/RAB6B/RAB6C/RAB7A/RAB8A/RAB8B/RAB9A/RABL2B/RABL3/RAC1/RALB/RAN/RAP2A/RAP2B/RAP2C/RASD2/RASL10A/RASL10B/RASL11B/REM2/RERG/RHOA/RHOB/RHOBTB1/RHOBTB3/RHOQ/RHOU/RND3/RRAGA/RRAGC/RRAGD/RRAS/RRAS2/SAMHD1/SAR1A/SAR1B/SEPHS1/SLC19A1/SRPRB/SUCLG2/THG1L/STING1/TSR1/TUBA1A/TUBA1B/TUBA1C/TUBA4A/TUBB/TUBB2B/TUBB3/TUBB4B/TUBE1/URGCP",155
"GO:0016779","GO:0016779","nucleotidyltransferase activity","54/5533","105/16583",9.67939291156519e-05,0.00318882222031009,0.00270853187613096,"ABL1/CDS2/CHRAC1/COASY/CRCP/DKC1/FHIT/GPHN/KARS1/MAB21L1/MB21D2/MED20/MOCS3/NMNAT3/NUDT5/PAPOLA/PAPOLB/PAPOLG/PAPSS1/PAPSS2/PCYT1B/PCYT2/POLA1/POLD1/POLE/POLE4/POLH/POLI/POLM/POLN/POLR1A/POLR1B/POLR1C/POLR1D/POLR2A/POLR2B/POLR2E/POLR2F/POLR2I/POLR2J/POLR2L/POLR3A/POLR3B/POLR3F/POLR3G/POLR3H/POLR3K/POLRMT/REV3L/TEP1/THG1L/UAP1/UAP1L1/UGP2",54
"GO:0044183","GO:0044183","protein folding chaperone","34/5533","59/16583",0.000109197379575657,0.00350021870747916,0.00297302680665444,"ANP32E/CCT2/CCT3/CCT5/CCT6A/CCT6B/CCT7/CLGN/DNAJB1/HSP90AA1/HSP90AB1/HSP90AB3P/HSP90B1/HSPA13/HSPA1A/HSPA1B/HSPA1L/HSPA2/HSPA4/HSPA4L/HSPA5/HSPA6/HSPA7/HSPA8/HSPB1/HSPE1/KHSRP/LYRM7/PDCL3/PEX5/PFDN1/TRAP1/WDR83OS/WIPF1",34
"GO:0140101","GO:0140101","catalytic activity, acting on a tRNA","57/5533","113/16583",0.000125109099845588,0.00390472085307546,0.00331660411502016,"AARS1/AARS2/ALKBH1/ALKBH8/CARS1/CARS2/DTWD2/DUS1L/DUS3L/EARS2/FARSA/FARSB/FTO/FTSJ1/GATC/IARS2/KARS1/LARS2/LCMT2/LRRC47/METTL1/METTL2B/METTL6/NSUN2/NSUN6/POP1/POP4/PRORSD1P/PTRHD1/PUS1/QARS1/QRSL1/RARS1/RARS2/RPP14/RPP30/RPP40/SARS1/TARBP1/TARS3/THG1L/THUMPD2/TRIT1/TRMT1/TRMT11/TRMT2B/TRMT61A/TRMU/TRPT1/TSEN34/TYW1B/TYW3/TYW5/VARS1/WARS1/WARS2/WDR4",57
"GO:0046982","GO:0046982","protein heterodimerization activity","133/5533","306/16583",0.000129899897206491,0.00395028918171534,0.00335530908573851,"ADD1/ADD2/ADRA2C/AGTR1/ARNT/ARNT2/ATF3/ATF6/ATP1A1/ATP1B2/BAK1/BAX/BCL2L1/BCL2L2/BDKRB2/BHLHE40/BHLHE41/CAV1/CAV2/CEBPB/CENPT/CENPW/CHRAC1/CHUK/CYBA/CYBB/DDIT3/DRAP1/EPAS1/ERBB2/ERBB3/EXT2/FBXO7/FMR1/FXR2/FZD4/GABBR2/GADD45A/GTF2A1/H2AZ2/H2AX/MACROH2A1/H3-5/HIF1A/HIP1/H2AC6/H2AC13/H2AC15/H2AC17/H2BC5/H2BC7/H2BC11/H2BC12/H2BC15/H2BC17/H3C4/H3C10/H3C12/H4C4/H4C5/H2BC21/H2BC18/H2AC25/H2BC26/HSF1/IL12A/IRAK1/ITGA3/ITGB1/JAM3/JDP2/KATNA1/KATNB1/LSM5/LSM6/MAFG/MAPK4/MAPK6/MAX/MEF2C/METTL3/NAE1/NFYB/NFYC/NOLC1/NPAS1/NR4A2/P2RY1/PAFAH1B3/PDGFA/PEF1/PHB1/PIK3R1/POLE4/PPP2CA/PPP2R1A/PRMT5/PSMF1/RALGAPB/RAN/RCC1/RRAGA/RRAGC/RRAGD/SAE1/SDCBP/SIM1/SMC1A/SMC3/SOS2/SUPT3H/SUPT5H/TAF13/TAF4/TAF4B/TAF6L/TAF7/TAF8/TAF9B/TCF3/TCF4/TCOF1/TOP2A/TPM4/TRMT112/TUBB2B/UBA2/USF2/VAPB/XBP1/YWHAE/ZHX2/ZHX3",133
"GO:0001221","GO:0001221","transcription coregulator binding","54/5533","106/16583",0.000133777523631791,0.00396650357568259,0.0033690813188322,"BAIAP2/BCL6/CCNT2/CDK9/CHD4/CHD6/CREB3/CTBP1/CTCF/CTNNB1/EHMT1/EHMT2/ENO1/EPAS1/FAM89B/FOS/GATA2/HAND2/HDAC1/HDGF/HES1/HIF1A/HMGA1/LCOR/LMO2/MED1/MED25/MTF2/MYC/NR1D1/PER1/PER2/PHF12/PPARA/PPARD/PPARG/RELA/RORA/RXRA/SIX1/SMARCA4/SP1/SREBF1/STK36/SUZ12/TFAM/TWIST1/UBE2I/VGLL4/WIZ/ZBTB17/ZBTB7A/ZBTB8A/ZNF618",54
"GO:0008135","GO:0008135","translation factor activity, RNA binding","42/5533","78/16583",0.000150860548704522,0.00427195344577239,0.00362852529298321,"ABCF1/MTRFR/COPS5/CPEB1/CPEB2/CPEB3/CPEB4/DENR/EEF1A1/EEF1A2/EEF1D/EEF2K/EIF1/EIF1AX/EIF1B/EIF2A/EIF2B1/EIF2B2/EIF2B4/EIF2B5/EIF2S2/EIF3A/EIF3B/EIF3G/EIF3H/EIF3I/EIF3J/EIF4A2/EIF4B/EIF4G1/EIF4G2/EIF4G3/EIF4H/EIF5/EIF5A/EIF5AL1/EIF5B/EIF6/GFM1/GTPBP1/MTRF1/TSFM",42
"GO:0019208","GO:0019208","phosphatase regulator activity","53/5533","104/16583",0.000151867990399492,0.00427195344577239,0.00362852529298321,"ANKLE2/ANP32E/ARPP19/BMP2/BMP2K/BOD1/CABIN1/CALM1/CALM2/CALM3/DMPK/EIF2AK2/ELFN1/ELFN2/ENSA/PABIR3/GNA12/GTF2F1/LMTK2/MAP2K6/MTMR12/PHACTR3/PPME1/PPP1R11/PPP1R12C/PPP1R14B/PPP1R14C/PPP1R15A/PPP1R15B/PPP1R16B/PPP1R1A/PPP1R37/PPP1R3B/PPP1R8/PPP1R9B/PPP2R1A/PPP2R2D/PPP2R3A/PPP2R5D/PPP3R1/PPP4R1/PPP4R2/PPP4R4/PPP6R1/PPP6R2/PPP6R3/RCAN2/RCAN3/SBF1/SET/STYXL1/URI1/ZEB2",53
"GO:0008234","GO:0008234","cysteine-type peptidase activity","73/5533","153/16583",0.000154885327291916,0.00427195344577239,0.00362852529298321,"ALG13/ATG4C/ATG4D/ATXN3/BAP1/BLMH/BRCC3/CAPN1/CAPN10/CAPN12/CAPN13/CAPN2/CAPN3/CAPN7/CAPNS1/CASP2/CASP3/CASP7/CTSB/CTSC/CTSD/CTSO/CYLD/ESPL1/GPAA1/HINT1/JOSD1/JOSD2/LGMN/MYSM1/OTUB1/OTUD3/OTUD4/OTUD5/OTUD6B/PIGK/RCE1/SCRN1/SCRN2/SENP1/SENP2/SENP3/SENP7/SFRP1/TNFAIP3/UCHL1/UCHL5/USP10/USP13/USP14/USP15/USP19/USP2/USP22/USP24/USP25/USP28/USP33/USP4/USP40/USP42/USP45/USP47/USP48/USP5/USP54/USP7/USP8/USPL1/VCPIP1/YOD1/ZC3H12A/ZRANB1",73
"GO:0031492","GO:0031492","nucleosomal DNA binding","24/5533","38/16583",0.000160579298271363,0.00432834199431447,0.00367642077621279,"ACTB/ACTL6A/CHD4/GATAD2B/H1-0/H1-10/MACROH2A1/H3-5/HDAC1/H1-2/H1-3/H1-4/HMGN2/HMGN4/HMGN5/MBD2/MBD3/MTA2/RBBP4/RCC1/SMARCA4/SMARCB1/SMARCC1/SMARCE1",24
"GO:0042054","GO:0042054","histone methyltransferase activity","29/5533","49/16583",0.000182180880764037,0.00469847116713394,0.00399080226053713,"ASH1L/ASH2L/CARM1/DOT1L/EHMT1/EHMT2/EZH1/FBL/FBLL1/MECOM/METTL23/NSD1/PRDM13/PRDM2/PRMT1/PRMT2/PRMT5/PRMT7/SETD1A/SETD1B/SETD2/SETD3/SETD5/SMYD3/SMYD5/SUV39H1/SUZ12/WDR5/WDR82",29
"GO:0140658","GO:0140658","ATP-dependent chromatin remodeler activity","21/5533","32/16583",0.000187991535407008,0.00469847116713394,0.00399080226053713,"ATRX/BTAF1/CECR2/CHD2/CHD4/CHD6/CHD7/CHD9/ERCC6L/HELLS/HLTF/INO80/RAD54B/RAD54L2/SMARCA1/SMARCA4/SMARCA5/SMARCAD1/SMARCAL1/SRCAP/TTF2",21
"GO:0030515","GO:0030515","snoRNA binding","20/5533","30/16583",0.000194118960530829,0.00469847116713394,0.00399080226053713,"BMS1/BYSL/DDX21/DHX37/DKC1/HEATR1/IMP3/IMP4/NHP2/NOLC1/NOP10/NOP14/NUDT1/NUDT16/NUDT16L1/NUDT5/NUFIP1/RRP9/TSR1/XRCC5",20
"GO:0034062","GO:0034062","5'-3' RNA polymerase activity","20/5533","30/16583",0.000194118960530829,0.00469847116713394,0.00399080226053713,"CRCP/MED20/POLR1A/POLR1B/POLR1C/POLR1D/POLR2A/POLR2B/POLR2E/POLR2F/POLR2I/POLR2J/POLR2L/POLR3A/POLR3B/POLR3F/POLR3G/POLR3H/POLR3K/POLRMT",20
"GO:0097747","GO:0097747","RNA polymerase activity","20/5533","30/16583",0.000194118960530829,0.00469847116713394,0.00399080226053713,"CRCP/MED20/POLR1A/POLR1B/POLR1C/POLR1D/POLR2A/POLR2B/POLR2E/POLR2F/POLR2I/POLR2J/POLR2L/POLR3A/POLR3B/POLR3F/POLR3G/POLR3H/POLR3K/POLRMT",20
"GO:0061629","GO:0061629","RNA polymerase II-specific DNA-binding transcription factor binding","146/5533","343/16583",0.000205217205210448,0.00486775210759183,0.00413458663971366,"ACTB/ACTN4/ADD1/AKAP8/ANXA4/APEX1/ARNT/ARNT2/BMAL1/BBS10/BBS2/BBS4/BBS5/BCAS3/BEX1/BHLHE40/BHLHE41/BRMS1/CDK5RAP3/CEBPB/CHD4/CITED2/COMMD7/CPNE1/CRY2/CSNK2B/CTBP1/CTDP1/CTNNB1/DAXX/DDIT3/DDX5/DDX54/DHX9/DLL1/DMAP1/ELK1/EPAS1/EXOSC9/FIZ1/FOS/GABARAPL1/GAS2L1/GATA2/GATA4/GBX2/GTF2A1/GTF2H1/GTF2I/HAND2/HDAC1/HES1/HES6/HIF1A/HIF1AN/HIRA/HMGA1/HMGB1/HSF1/HSPB1/ID4/JMJD1C/JUN/KDM3A/KEAP1/KLF4/LCOR/LMO2/MAD2L2/MDFIC/MED1/MED12/MED16/MED17/MED24/MED25/MED30/MEF2C/MTA2/MTDH/NCOA1/NCOA2/NCOA6/NHLH2/NR4A2/NSD1/PADI2/PARK7/PARP1/PDCD11/PITX1/PKN1/POU4F1/PPARA/PPARD/PPARG/PPARGC1A/PPARGC1B/PPID/PRDM13/PRMT2/PROX1/PRPF6/PRRX1/PTPN2/RAD23B/RARG/RBBP8/RBPJ/RELA/RERG/RNF14/RXRA/SETD1A/SETD3/SETD6/SIN3A/SMAD2/SMARCA1/SMARCA4/SMARCB1/SMARCE1/SP1/SP3/STAT3/STK4/TADA3/TAF4/TAF4B/TAF7/TCF3/STING1/TMF1/TP53BP1/TP53BP2/TP73/TRIB2/TTC8/UBXN7/WBP2/WIPI1/WWP2/XPC/ZBTB7A/ZBTB8A/ZFPM1",146
"GO:0019903","GO:0019903","protein phosphatase binding","69/5533","145/16583",0.000254894681930641,0.00592755083862235,0.00503476182884671,"AKAP5/ANAPC5/ANAPC7/ANK1/ANKLE2/AP3B1/ARPP19/BAD/BOD1/C20orf27/CSK/CTNNB1/DAB2IP/EGFR/EIF2AK3/ENSA/ERBB2/FBXL2/GHR/GNA12/GRB2/GTF2F1/HSP90AA1/HSP90B1/IQGAP1/ITGA1/JAK3/KAT2A/KCNQ1/KIF3A/MAPT/MASTL/MTMR4/MVP/PDLIM4/PHACTR3/PIK3R1/PPME1/PPP1CA/PPP1R11/PPP1R15A/PPP1R16B/PPP1R3B/PPP1R3C/PPP1R3D/PPP1R3E/PPP1R9B/PPP3CB/PPP6R1/PPP6R2/PPP6R3/PTPN1/PXN/RPA2/RPS6KB1/SMG5/SMG7/SMTNL2/SNX3/SOD1/STAT3/STAU1/STRN4/STYXL1/TBK1/TRAF2/TRAF3/VCP/YWHAE",69
"GO:0008186","GO:0008186","ATP-dependent activity, acting on RNA","40/5533","75/16583",0.000280726259232872,0.0064027181432728,0.00543836093291211,"BRIP1/DDX1/DDX18/DDX19A/DDX21/DDX23/DDX27/DDX28/DDX39A/DDX42/DDX47/DDX49/DDX5/DDX51/DDX54/DDX56/DDX6/DDX60/DDX60L/DHX15/DHX16/DHX30/DHX33/DHX34/DHX37/DHX38/DHX40/DHX9/EIF4A2/EIF4A3/G3BP1/IFIH1/IGHMBP2/MOV10/PIF1/RAD54B/SNRNP200/SUPV3L1/UPF1/YTHDC2",40
"GO:0101005","GO:0101005","deubiquitinase activity","45/5533","87/16583",0.000302348125626519,0.00669638173915871,0.00568779384430184,"ALG13/ATXN3/BAP1/BRCC3/COPS5/CYLD/EIF3H/JOSD1/JOSD2/MYSM1/OTUB1/OTUD3/OTUD4/OTUD5/OTUD6B/PSMD14/SENP3/TNFAIP3/UCHL1/UCHL5/USP10/USP13/USP14/USP15/USP19/USP2/USP22/USP24/USP25/USP28/USP33/USP4/USP40/USP42/USP45/USP47/USP48/USP5/USP54/USP7/USP8/VCPIP1/YOD1/ZC3H12A/ZRANB1",45
"GO:0019783","GO:0019783","ubiquitin-like protein peptidase activity","50/5533","99/16583",0.000304894278174174,0.00669638173915871,0.00568779384430184,"ALG13/ATXN3/BAP1/BRCC3/COPS5/CYLD/EIF3H/HINT1/JOSD1/JOSD2/MYSM1/OTUB1/OTUD3/OTUD4/OTUD5/OTUD6B/PSMD14/SENP1/SENP2/SENP3/SENP7/TNFAIP3/UCHL1/UCHL5/USP10/USP13/USP14/USP15/USP19/USP2/USP22/USP24/USP25/USP28/USP33/USP4/USP40/USP42/USP45/USP47/USP48/USP5/USP54/USP7/USP8/USPL1/VCPIP1/YOD1/ZC3H12A/ZRANB1",50
"GO:0003724","GO:0003724","RNA helicase activity","39/5533","73/16583",0.000317849381473382,0.00685398848049875,0.00582166235540721,"BRIP1/DDX1/DDX18/DDX19A/DDX21/DDX23/DDX27/DDX28/DDX39A/DDX42/DDX47/DDX49/DDX5/DDX51/DDX54/DDX56/DDX6/DDX60/DDX60L/DHX15/DHX16/DHX30/DHX33/DHX34/DHX37/DHX38/DHX40/DHX9/EIF4A2/EIF4A3/G3BP1/IFIH1/IGHMBP2/MOV10/RAD54B/SNRNP200/SUPV3L1/UPF1/YTHDC2",39
"GO:0019887","GO:0019887","protein kinase regulator activity","92/5533","205/16583",0.000370017717536764,0.00783644666068933,0.00665614578350909,"AFAP1L2/AGAP2/ANKRD54/BMP2/CALM1/CALM2/CALM3/CAMK2N1/CASP3/CCNA2/CCNB1/CCND1/CCND2/CCND3/CCNE1/CCNF/CCNG1/CCNH/CCNI/CCNK/CCNL1/CCNL2/CCNT2/CD24/CDC37/CDK4/CDK5R1/CDK5R2/CDKN1A/CDKN1C/CDKN2B/CKS1B/CKS2/CNPPD1/CSNK2B/DAB2IP/DAXX/DBF4/DBF4B/EGFR/ELP4/ERBB3/FAM20A/GAS6/GMFB/GPRC5C/MACROH2A1/HBEGF/HEXIM1/HSP90AB1/HSPB1/HYAL2/INCENP/IQGAP1/IRGM/KIDINS220/MADD/MAP2K6/MAP3K13/MARK2/MLST8/MNAT1/MOB1A/MOB1B/MOB3A/NCAPG2/NCK1/PAK2/PARVA/PKIB/PKIG/PRKAR1A/PRKAR1B/PRKAR2A/PRKAR2B/QARS1/RICTOR/RPTOR/SFN/SH3BP5L/SMCR8/SPRED1/SPRY2/SPRY4/STK3/STK4/TOM1L1/TRIB2/TRIB3/WNT11/YWHAB/YWHAG",92
"GO:0140312","GO:0140312","cargo adaptor activity","14/5533","19/16583",0.000382287036005915,0.00795425306496517,0.00675620855877489,"AP1G1/AP1M1/AP1S1/AP1S2/AP2A1/AP2A2/AP2B1/AP2M1/AP2S1/AP4E1/DAB2/HIP1/LDLRAP1/STON1",14
"GO:0019888","GO:0019888","protein phosphatase regulator activity","44/5533","86/16583",0.000477874119162642,0.00977170181598091,0.0082999189117722,"ANKLE2/ARPP19/BOD1/CABIN1/CALM1/CALM2/CALM3/DMPK/EIF2AK2/ELFN1/ELFN2/ENSA/PABIR3/GNA12/LMTK2/PHACTR3/PPME1/PPP1R11/PPP1R14B/PPP1R14C/PPP1R15A/PPP1R15B/PPP1R16B/PPP1R1A/PPP1R37/PPP1R3B/PPP1R8/PPP1R9B/PPP2R1A/PPP2R2D/PPP2R3A/PPP2R5D/PPP3R1/PPP4R1/PPP4R2/PPP4R4/PPP6R1/PPP6R2/PPP6R3/RCAN2/RCAN3/SET/STYXL1/URI1",44
"GO:0015631","GO:0015631","tubulin binding","142/5533","338/16583",0.000491943377156583,0.00988889568318149,0.00839946140836486,"ADNP/AGBL5/ALDOA/ARHGEF2/ARHGEF7/ARL3/ARL8B/BBS4/BCAS3/BCL2L11/BEX4/BIRC5/BRCA1/BRSK1/CAMSAP1/CAPN6/CCDC61/CCDC69/CCDC88A/CCT5/CDK5R1/CEP44/CEP57/CEP57L1/CEP70/CETN2/CETN3/CGN/CLIP2/CRYAB/DAG1/DCTN1/DCX/DNM1/DNM2/DNM3/DPYSL2/DPYSL5/DRG1/DST/EMD/EML1/EML2/EML6/FAM83D/FBXW11/FEZ1/FHDC1/FMR1/GABARAPL1/GAS2L1/GAS8/GIT1/GLI1/GPAA1/GTSE1/HAUS4/HAUS7/HOOK3/HTT/INO80/JAKMIP1/KATNA1/KATNAL2/KATNB1/KIF13A/KIF15/KIF17/KIF18B/KIF1A/KIF1C/KIF20A/KIF21B/KIF22/KIF2C/KIF3A/KIF3B/KIF4A/KIF4B/KIF5A/KIF7/KIFC1/MACF1/MAP1A/MAP1B/MAP4/MAP4K4/MAP6/MAP9/MAPRE1/MAPRE2/MAPT/MAST2/MID1/MID2/NDRG1/NEDD1/NIN/NUMA1/NUSAP1/OGG1/OPA1/PHF6/PLK1/PSRC1/RABGAP1/RAD51D/RAE1/RCC2/REEP2/REEP3/RGS14/SBDS/SETD2/SKA1/SMC3/SPAG5/SPAG8/SPAST/SPC24/SSNA1/STARD9/STMN1/STMN3/STRBP/SUN2/SYT11/TBCD/TBCE/TRAF3IP1/TRIM36/TRPV4/TTBK2/TTLL1/TTLL12/TTLL5/TUBGCP5/UNC5C/UXT/VAPB/VASH2/VPS41",142
"GO:0002039","GO:0002039","p53 binding","35/5533","65/16583",0.000521985816140315,0.0103179196323736,0.00876386712361897,"AXIN1/BRD4/BRD7/CDK5/CDKN2AIP/DAXX/EHMT1/EHMT2/HDAC1/HIF1A/HTT/MAPKAPK5/MDM2/MDM4/MSX1/PLK3/POU4F2/PRMT5/PSME3/PTTG1IP/RCHY1/RFWD3/RNF125/RNF20/SMARCA4/SMARCB1/TEP1/TP53BP1/TP53BP2/TP73/TRIAP1/TRIM29/USP10/USP7/ZNF385A",35
"GO:0140776","GO:0140776","protein-containing complex destabilizing activity","10/5533","12/16583",0.000546205807826013,0.010619673575109,0.00902017183933554,"FIGN/FIGNL2/HSPA1A/HSPA1B/HSPA8/KATNA1/KATNAL2/NSF/SPAST/VPS4A",10
"GO:0004843","GO:0004843","cysteine-type deubiquitinase activity","42/5533","82/16583",0.000617388513706155,0.0118100447944435,0.0100312531004548,"ALG13/ATXN3/BAP1/BRCC3/CYLD/JOSD1/JOSD2/MYSM1/OTUB1/OTUD3/OTUD4/OTUD5/OTUD6B/SENP3/TNFAIP3/UCHL1/UCHL5/USP10/USP13/USP14/USP15/USP19/USP2/USP22/USP24/USP25/USP28/USP33/USP4/USP40/USP42/USP45/USP47/USP48/USP5/USP54/USP7/USP8/VCPIP1/YOD1/ZC3H12A/ZRANB1",42
"GO:0008276","GO:0008276","protein methyltransferase activity","36/5533","68/16583",0.000667848380128858,0.0123830494286851,0.010517953584141,"ASH1L/ASH2L/CARM1/DOT1L/EHMT1/EHMT2/EZH1/FBL/FBLL1/HEMK1/ICMT/MECOM/METTL23/NSD1/PCMTD1/PCMTD2/PRDM13/PRDM2/PRMT1/PRMT2/PRMT3/PRMT5/PRMT7/SETD1A/SETD1B/SETD2/SETD3/SETD5/SETD6/SMYD3/SMYD5/SUV39H1/SUZ12/TRMT112/WDR5/WDR82",36
"GO:0032182","GO:0032182","ubiquitin-like protein binding","53/5533","109/16583",0.000668225264279802,0.0123830494286851,0.010517953584141,"ADRM1/ASCC2/CKS1B/CKS2/CUEDC1/DCUN1D1/DCUN1D4/FAF2/FBXO7/FBXW7/GGA2/HGS/HSPB1/JARID2/MDM2/N4BP1/N4BP2/NBR1/NPLOC4/OTUB1/PELP1/RAD23A/RAD23B/RAE1/RBCK1/RNF168/RNF185/RNF31/RNF4/SIRT2/SMARCAD1/SOBP/TAB2/TDG/TNFAIP3/TOLLIP/TOM1L1/TOP2A/TP53INP2/UBA2/UBE2A/UBE2L6/UBE2N/UBXN11/UBXN2B/UBXN7/UCHL1/USP13/USP25/USP5/USPL1/WDR48/ZFAND2B",53
"GO:0019207","GO:0019207","kinase regulator activity","101/5533","232/16583",0.000736213161378064,0.0134330586060674,0.0114098136913167,"AFAP1L2/AGAP2/ANKRD54/BCCIP/BMP2/CALM1/CALM2/CALM3/CAMK2N1/CASP3/CCNA2/CCNB1/CCND1/CCND2/CCND3/CCNE1/CCNF/CCNG1/CCNH/CCNI/CCNK/CCNL1/CCNL2/CCNT2/CD24/CDC37/CDK4/CDK5R1/CDK5R2/CDKN1A/CDKN1C/CDKN2B/CKS1B/CKS2/CNPPD1/CSNK2B/DAB2IP/DAXX/DBF4/DBF4B/EGFR/ELP4/ERBB3/FAM20A/GAS6/GMFB/GPRC5C/MACROH2A1/HBEGF/HEXIM1/HSP90AB1/HSPB1/HYAL2/INCENP/IQGAP1/IRGM/KIDINS220/LAMTOR3/LRP6/MADD/MAP2K6/MAP3K13/MARK2/MLST8/MNAT1/MOB1A/MOB1B/MOB3A/NCAPG2/NCK1/PAK2/PARVA/PIK3R1/PIK3R5/PKIB/PKIG/PRKAR1A/PRKAR1B/PRKAR2A/PRKAR2B/QARS1/RICTOR/RPTOR/SFN/SH3BP5L/SMCR8/SOCS4/SPRED1/SPRY2/SPRY4/STK3/STK4/TAB1/TOM1L1/TRIB2/TRIB3/WARS1/WDR81/WNT11/YWHAB/YWHAG",101
"GO:0035615","GO:0035615","clathrin adaptor activity","13/5533","18/16583",0.00085620844590528,0.0151025304955373,0.0128278349908842,"AP1G1/AP1M1/AP1S1/AP1S2/AP2A1/AP2A2/AP2B1/AP2M1/AP2S1/DAB2/HIP1/LDLRAP1/STON1",13
"GO:0061608","GO:0061608","nuclear import signal receptor activity","13/5533","18/16583",0.00085620844590528,0.0151025304955373,0.0128278349908842,"IPO11/IPO4/IPO5/IPO9/KPNA1/KPNA2/KPNA6/KPNB1/RANBP6/SNUPN/TNPO1/TNPO2/TNPO3",13
"GO:0016874","GO:0016874","ligase activity","65/5533","140/16583",0.000865912372425412,0.0151025304955373,0.0128278349908842,"AARS1/AARS2/AASDH/ACSF2/ACSL4/ACSL6/ACSS1/ACSS2/ADSS1/ASNS/ASS1/ATG7/ATP6V0C/ATP6V1A/BTRC/CAD/CARS1/CARS2/CPS1/CTPS2/EARS2/FARSA/FARSB/GATC/GCLC/GHDC/GLUL/HLCS/IARS2/KARS1/LARS2/LIG1/LIG4/LRRC47/MCCC1/MCCC2/MDM2/MOCS3/MTHFD1/MTHFD1L/NAE1/PAICS/PC/PCCA/PFAS/QARS1/QRSL1/RARS1/RARS2/RIMKLA/SAE1/SARS1/SLC27A1/SLC27A4/SUCLG2/TARS3/TRIM25/TTL/TTLL1/TTLL5/UBA2/UCHL1/VARS1/WARS1/WARS2",65
"GO:0140097","GO:0140097","catalytic activity, acting on DNA","96/5533","220/16583",0.000893865703772647,0.0153641264445559,0.0130500301832254,"ALKBH1/ALKBH4/APEX1/APEX2/ATAD5/ATRX/BRIP1/BTAF1/CECR2/CHD2/CHD4/CHD6/CHD7/CHD9/CHRAC1/CHTF8/DCLRE1A/DDX1/DFFB/DHX9/DICER1/DKC1/DNA2/DNASE1L1/ERCC2/ERCC3/ERCC6L/FEN1/FTO/G3BP1/GEN1/HELB/HELLS/HLTF/IGHMBP2/INO80/LIG1/LIG4/MCM2/MCM3/MCM4/MCM6/MCM7/MLH1/MSH2/MSH3/MSH4/MUS81/N4BP2/NAV2/NME1/NTHL1/OGG1/PIF1/PMS2/POLA1/POLD1/POLE/POLE4/POLH/POLI/POLM/POLN/RAD50/RAD51C/RAD51D/RAD54B/RAD54L2/RBBP4/RBBP8/RECQL5/REV3L/RFC1/RUVBL1/RUVBL2/SMARCA1/SMARCA4/SMARCA5/SMARCAD1/SMARCAL1/SMC3/SRCAP/SUPV3L1/TATDN1/TDG/TDP1/TEP1/TOP1/TOP2A/TTF2/UPF1/WRNIP1/XRCC2/XRCC3/XRCC5/XRCC6",96
"GO:0001227","GO:0001227","DNA-binding transcription repressor activity, RNA polymerase II-specific","131/5533","313/16583",0.000947500321312944,0.0157210172513133,0.0133531672224255,"ASCL1/ATF3/BACH1/BACH2/BCL6/BHLHE40/BHLHE41/CC2D1A/CC2D1B/CDX2/CEBPB/CREB3L1/CREM/CTCF/DEAF1/ENO1/ERF/ETV6/FOXK1/FOXK2/FOXP4/FOXQ1/GFI1/HDGF/HES1/HES2/HES5/HES6/HEYL/HIC2/HOXB13/HOXD9/HSF1/INSM1/INSM2/IRF3/JDP2/JUN/KCNIP3/KLF16/MAFK/MAX/MSX1/MSX2/MXD1/MXD3/MXI1/MYC/NACC1/NFATC4/NFE2L3/NFX1/NR1D1/NR1D2/NR2C1/NR2F6/PATZ1/POU4F1/POU4F2/POU6F1/PPARA/PPARD/PPARG/PRDM2/PROX1/PRRX1/PURB/RELA/SCRT1/SKI/SMAD5/SNAI2/SP3/TCF3/TCFL5/TFAP2A/TFAP2C/TRPS1/ZBED6/ZBTB10/ZBTB12/ZBTB17/ZBTB2/ZBTB26/ZBTB37/ZBTB45/ZBTB5/ZBTB7A/ZBTB8A/ZC3H8/ZEB1/ZEB2/ZFP37/ZFP90/ZGPAT/ZNF10/ZNF131/ZNF134/ZNF140/ZNF169/ZNF180/ZNF205/ZNF217/ZNF219/ZNF224/ZNF239/ZNF25/ZNF266/ZNF282/ZNF391/ZNF398/ZNF404/ZNF425/ZNF439/ZNF440/ZNF512B/ZNF529/ZNF550/ZNF555/ZNF559/ZNF599/ZNF614/ZNF668/ZNF669/ZNF746/ZNF750/ZNF75A/ZNF77/ZNF79/ZNF846/ZNF85",131
"GO:0019003","GO:0019003","GDP binding","36/5533","69/16583",0.000951981179597517,0.0157210172513133,0.0133531672224255,"ARL3/ARL8B/DYNC1LI1/GBP1/GEM/HRAS/NME2/NRAS/PRPS2/RAB10/RAB11B/RAB22A/RAB28/RAB31/RAB35/RAB3B/RAB4A/RAB5A/RAB5B/RAB5C/RAB7A/RAB8A/RAB8B/RAB9A/RALB/RAN/RAP2A/RAP2B/RAP2C/RERG/RHOA/RHOB/RRAGC/RRAGD/RRAS/RRAS2",36
"GO:0008017","GO:0008017","microtubule binding","105/5533","244/16583",0.000954395651007214,0.0157210172513133,0.0133531672224255,"ARHGEF2/ARL3/BCL2L11/BIRC5/CAMSAP1/CAPN6/CCDC61/CCDC69/CCDC88A/CEP44/CEP57/CEP57L1/CETN2/CETN3/CGN/CLIP2/CRYAB/DCTN1/DCX/DNM1/DNM2/DNM3/DPYSL2/DPYSL5/DRG1/DST/EML1/EML2/EML6/FAM83D/FBXW11/FHDC1/FMR1/GAS2L1/GAS8/GLI1/GTSE1/HAUS4/HAUS7/HOOK3/JAKMIP1/KATNA1/KATNAL2/KATNB1/KIF13A/KIF15/KIF17/KIF18B/KIF1A/KIF1C/KIF20A/KIF21B/KIF22/KIF2C/KIF3A/KIF3B/KIF4A/KIF4B/KIF5A/KIF7/KIFC1/MACF1/MAP1A/MAP1B/MAP4/MAP4K4/MAP6/MAP9/MAPRE1/MAPRE2/MAPT/MAST2/MID1/MID2/NDRG1/NIN/NUMA1/NUSAP1/OGG1/OPA1/PLK1/PSRC1/RAE1/RCC2/REEP2/REEP3/RGS14/SBDS/SKA1/SPAG5/SPAG8/SPAST/SPC24/SSNA1/STARD9/STRBP/SUN2/TRAF3IP1/TRPV4/TTBK2/TUBGCP5/UXT/VAPB/VASH2/VPS41",105
"GO:0043130","GO:0043130","ubiquitin binding","45/5533","91/16583",0.00105806826649586,0.0171899858090971,0.0146008843696689,"ADRM1/ASCC2/CKS1B/CKS2/CUEDC1/FAF2/FBXO7/FBXW7/GGA2/HGS/HSPB1/JARID2/MDM2/N4BP1/N4BP2/NBR1/NPLOC4/OTUB1/RAD23A/RAD23B/RAE1/RBCK1/RNF168/RNF185/RNF31/SIRT2/SMARCAD1/TAB2/TNFAIP3/TOLLIP/TOM1L1/TOP2A/TP53INP2/UBE2A/UBE2L6/UBE2N/UBXN11/UBXN2B/UBXN7/UCHL1/USP13/USP25/USP5/WDR48/ZFAND2B",45
"GO:0003678","GO:0003678","DNA helicase activity","35/5533","67/16583",0.00108203898164818,0.0173053882790396,0.0146989052836078,"ATRX/BRIP1/CHD2/CHD4/CHD6/CHD7/CHD9/CHTF8/DHX9/DNA2/ERCC2/ERCC3/ERCC6L/G3BP1/HELB/IGHMBP2/MCM2/MCM3/MCM4/MCM6/MCM7/NAV2/PIF1/RAD50/RAD54B/RAD54L2/RECQL5/RUVBL1/RUVBL2/SMARCAD1/SUPV3L1/UPF1/WRNIP1/XRCC5/XRCC6",35
"GO:0042162","GO:0042162","telomeric DNA binding","21/5533","35/16583",0.00109435423349744,0.0173053882790396,0.0146989052836078,"ACD/APEX1/HMBOX1/HNRNPD/NCL/PIF1/POT1/PURA/RAD50/RPA1/RPA2/SMG5/SMG6/SMG7/TELO2/TERF2IP/TP53BP1/UPF1/XRCC5/XRCC6/ZBTB10",21
"GO:0001217","GO:0001217","DNA-binding transcription repressor activity","132/5533","317/16583",0.00114986643876143,0.0179439683733034,0.0152413044583752,"ASCL1/ATF3/BACH1/BACH2/BCL6/BHLHE40/BHLHE41/CC2D1A/CC2D1B/CDX2/CEBPB/CREB3L1/CREM/CTCF/DEAF1/ENO1/ERF/ETV6/FOXK1/FOXK2/FOXP4/FOXQ1/GFI1/HDGF/HES1/HES2/HES5/HES6/HEYL/HIC2/HOXB13/HOXD9/HSF1/INSM1/INSM2/IRF3/JDP2/JUN/KCNIP3/KLF16/MAFK/MAX/MSX1/MSX2/MXD1/MXD3/MXI1/MYC/NACC1/NFATC4/NFE2L3/NFX1/NR1D1/NR1D2/NR2C1/NR2F6/PATZ1/POU4F1/POU4F2/POU6F1/PPARA/PPARD/PPARG/PRDM2/PROX1/PRRX1/PURB/RELA/SCRT1/SKI/SMAD5/SNAI2/SP3/TCF3/TCF7/TCFL5/TFAP2A/TFAP2C/TRPS1/ZBED6/ZBTB10/ZBTB12/ZBTB17/ZBTB2/ZBTB26/ZBTB37/ZBTB45/ZBTB5/ZBTB7A/ZBTB8A/ZC3H8/ZEB1/ZEB2/ZFP37/ZFP90/ZGPAT/ZNF10/ZNF131/ZNF134/ZNF140/ZNF169/ZNF180/ZNF205/ZNF217/ZNF219/ZNF224/ZNF239/ZNF25/ZNF266/ZNF282/ZNF391/ZNF398/ZNF404/ZNF425/ZNF439/ZNF440/ZNF512B/ZNF529/ZNF550/ZNF555/ZNF559/ZNF599/ZNF614/ZNF668/ZNF669/ZNF746/ZNF750/ZNF75A/ZNF77/ZNF79/ZNF846/ZNF85",132
